Wikipedia EN/English	http://download.kiwix.org/zim/wikipedia_en_all_novid.zim	en	With over 5 million articles, download the entire English Wikipedia for exploring offline. 		NOVID	https://upload.wikimedia.org/wikipedia/commons/thumb/b/b3/Wikipedia-logo-v2-en.svg/320px-Wikipedia-logo-v2-en.svg.png	https://upload.wikimedia.org/wikipedia/commons/thumb/b/b3/Wikipedia-logo-v2-en.svg/640px-Wikipedia-logo-v2-en.svg.png		64048847318	2017-08-10
Wikipedia EN/English (no pictures)	http://download.kiwix.org/zim/wikipedia_en_all_nopic.zim	en	Save storage space with this text-only version of the entire English Wikipedia for exploring offline. 		NOPIC	https://upload.wikimedia.org/wikipedia/commons/thumb/3/39/Nomedia-Thumb-EN.svg/320px-Nomedia-Thumb-EN.svg.png	https://upload.wikimedia.org/wikipedia/commons/thumb/f/f5/Nomedia-Large_image-EN.svg/640px-Nomedia-Large_image-EN.svg.png		20180173311	2017-01-07
Medical Wiki EN/English	http://download.kiwix.org/zim/wikipedia_en_medicine.zim	en	With 51,000+ medical articles, Wikimed is the largest and most comprehensive collection of health-related articles available. It includes content on diseases, medications, anatomy, and sanitation. As an encyclopedic medical dictionary, Wikimed is perfect for practicing physicians, as well as medicine and other healthcare students.	If you are in the developing world without access to the Internet or on a boat in the middle of nowhere you can now access one of the foremost and up-to-date medical dictionaries, for free.	ALL	https://upload.wikimedia.org/wikipedia/commons/thumb/5/58/Wiki_Project_Med_Foundation_logo.svg/320px-Wiki_Project_Med_Foundation_logo.svg.png	https://upload.wikimedia.org/wikipedia/commons/thumb/4/4e/WikiMedicine-Large_image-EN%404x.png/640px-WikiMedicine-Large_image-EN%404x.png		4627268005	2017-08-05
Medical Wiki EN/English (no video)	http://download.kiwix.org/zim/wikipedia_en_medicine_novid.zim	en	With 51,000+ medical articles, Wikimed is the largest and most comprehensive collection of health-related articles available. It includes content on diseases, medications, anatomy, and sanitation. As an encyclopedic medical dictionary, Wikimed is perfect for practicing physicians, as well as medicine and other healthcare students.	If you are in the developing world without access to the Internet or on a boat in the middle of nowhere you can now access one of the foremost and up-to-date medical dictionaries, for free.	NOVID	https://upload.wikimedia.org/wikipedia/commons/thumb/5/58/Wiki_Project_Med_Foundation_logo.svg/320px-Wiki_Project_Med_Foundation_logo.svg.png	https://upload.wikimedia.org/wikipedia/commons/thumb/3/35/WikiMedicine-nomedia-Large_image-EN.svg/640px-WikiMedicine-nomedia-Large_image-EN.svg.png		1181464899	2017-08-06
English Wikipedia for Schools	http://download.kiwix.org/zim/wikipedia_en_for-schools.zim	en	This selection of articles from English Wikipedia matches the UK National Curriculum and can be used by school children around the world. 	The 2013 edition of Wikipedia for Schools contains 6,000 articles comprising 26 million words, as well as 50,000 images. Taking the UK National Curriculum as its starting point, articles are organised by school subject, from Art and Citizenship, to Geography and Mathematics. All pages were selected from the English Wikipedia by staff and volunteers at SOS Children, before being checked to ensure suitability for children, and any inappropriate content removed before release. 	NOVID	https://upload.wikimedia.org/wikipedia/commons/thumb/d/d9/WikipediaForSchools-Thumb-EN.svg/320px-WikipediaForSchools-Thumb-EN.svg.png	https://upload.wikimedia.org/wikipedia/commons/thumb/4/4f/WikipediaForSchools-Large_image-EN.svg/640px-WikipediaForSchools-Large_image-EN.svg.png		2600274930	2013-01-01
English Wikipedia Top 45,000	http://download.kiwix.org/zim/wikipedia_en_wp1-0.8.zim	en	A core subset of articles from English Wikipedia, selected based on their importance and quality.		NOVID	https://upload.wikimedia.org/wikipedia/commons/thumb/b/b3/Wikipedia-logo-v2-en.svg/320px-Wikipedia-logo-v2-en.svg.png	https://upload.wikimedia.org/wikipedia/commons/thumb/b/b3/Wikipedia-logo-v2-en.svg/640px-Wikipedia-logo-v2-en.svg.png		5453656823	2017-02-15
Wikipedia DE/Deutsch	http://download.kiwix.org/zim/wikipedia_de_all.zim	de	Download the entire German Wikipedia for exploring offline.		ALL	https://upload.wikimedia.org/wikipedia/commons/thumb/9/9e/Wikipedia-logo-v2-de.svg/320px-Wikipedia-logo-v2-de.svg.png	https://upload.wikimedia.org/wikipedia/commons/thumb/9/9e/Wikipedia-logo-v2-de.svg/640px-Wikipedia-logo-v2-de.svg.png		26975535224	2017-06-13
Wikipedia DE/Deutsch (no pictures)	http://download.kiwix.org/zim/wikipedia_de_all_nopic.zim	de	Save storage space with this text-only version of the entire German Wikipedia for exploring offline.		NOPIC	https://upload.wikimedia.org/wikipedia/commons/thumb/3/39/Nomedia-Thumb-EN.svg/320px-Nomedia-Thumb-EN.svg.png	https://upload.wikimedia.org/wikipedia/commons/thumb/f/f5/Nomedia-Large_image-EN.svg/640px-Nomedia-Large_image-EN.svg.png		5522498260	2017-06-20
Medical Wiki DE/Deutsch	http://download.kiwix.org/zim/wikipedia_de_medicine.zim	de	This is a complete collection of all health care, anatomy, and medication related topics from Wikipedia in an offline format. 		ALL	https://upload.wikimedia.org/wikipedia/commons/thumb/5/58/Wiki_Project_Med_Foundation_logo.svg/320px-Wiki_Project_Med_Foundation_logo.svg.png	https://upload.wikimedia.org/wikipedia/commons/thumb/4/4e/WikiMedicine-Large_image-EN%404x.png/640px-WikiMedicine-Large_image-EN%404x.png		1015686289	2017-08-06
Medical Wiki DE/Deutsch (no video)	http://download.kiwix.org/zim/wikipedia_de_medicine_novid.zim	de	This is a complete collection of all health care, anatomy, and medication related topics from Wikipedia in an offline format. 		NOVID	https://upload.wikimedia.org/wikipedia/commons/thumb/5/58/Wiki_Project_Med_Foundation_logo.svg/320px-Wiki_Project_Med_Foundation_logo.svg.png	https://upload.wikimedia.org/wikipedia/commons/thumb/3/35/WikiMedicine-nomedia-Large_image-EN.svg/640px-WikiMedicine-nomedia-Large_image-EN.svg.png		302021041	2017-08-06
Wikipedia ES/Español	http://download.kiwix.org/zim/wikipedia_es_all_novid.zim	es	Download the entire Spanish Wikipedia for exploring offline.		NOVID	https://upload.wikimedia.org/wikipedia/commons/thumb/1/1e/Wikipedia-logo-v2-es.svg/320px-Wikipedia-logo-v2-es.svg.png	https://upload.wikimedia.org/wikipedia/commons/thumb/1/1e/Wikipedia-logo-v2-es.svg/640px-Wikipedia-logo-v2-es.svg.png		16232349636	2017-08-08
Wikipedia ES/Español (no pictures)	http://download.kiwix.org/zim/wikipedia_es_all_nopic.zim	es	Save storage space with this text-only version of the entire Spanish Wikipedia for exploring offline.		NOPIC	https://upload.wikimedia.org/wikipedia/commons/thumb/3/39/Nomedia-Thumb-EN.svg/320px-Nomedia-Thumb-EN.svg.png	https://upload.wikimedia.org/wikipedia/commons/thumb/f/f5/Nomedia-Large_image-EN.svg/640px-Nomedia-Large_image-EN.svg.png		3818231307	2017-08-12
Medical Wiki ES/Español	http://download.kiwix.org/zim/wikipedia_es_medicine.zim	es	This is a complete collection of all health care, anatomy, and medication related topics from Wikipedia.		ALL	https://upload.wikimedia.org/wikipedia/commons/thumb/5/58/Wiki_Project_Med_Foundation_logo.svg/320px-Wiki_Project_Med_Foundation_logo.svg.png	https://upload.wikimedia.org/wikipedia/commons/thumb/4/4e/WikiMedicine-Large_image-EN%404x.png/640px-WikiMedicine-Large_image-EN%404x.png		955152487	2017-08-07
Medical Wiki ES/Español (no video)	http://download.kiwix.org/zim/wikipedia_es_medicine_novid.zim	es	This is a complete collection of all health care, anatomy, and medication related topics from Wikipedia.		NOVID	https://upload.wikimedia.org/wikipedia/commons/thumb/5/58/Wiki_Project_Med_Foundation_logo.svg/320px-Wiki_Project_Med_Foundation_logo.svg.png	https://upload.wikimedia.org/wikipedia/commons/thumb/3/35/WikiMedicine-nomedia-Large_image-EN.svg/640px-WikiMedicine-nomedia-Large_image-EN.svg.png		290300506	2017-08-07
Wikipedia FR/Français	http://download.kiwix.org/zim/wikipedia_fr_all_novid.zim	fr	Download the entire French Wikipedia for exploring offline.		NOVID	https://upload.wikimedia.org/wikipedia/commons/thumb/d/d1/Wikipedia-logo-v2-fr.svg/320px-Wikipedia-logo-v2-fr.svg.png	https://upload.wikimedia.org/wikipedia/commons/thumb/d/d1/Wikipedia-logo-v2-fr.svg/640px-Wikipedia-logo-v2-fr.svg.png		24393764607	2017-07-26
Wikipedia FR/Français (no pictures)	http://download.kiwix.org/zim/wikipedia_fr_all_nopic.zim	fr	Save storage space with this text-only version of the entire French Wikipedia for exploring offline.		NOPIC	https://upload.wikimedia.org/wikipedia/commons/thumb/3/39/Nomedia-Thumb-EN.svg/320px-Nomedia-Thumb-EN.svg.png	https://upload.wikimedia.org/wikipedia/commons/thumb/9/9b/Nomedia-Large_image-FR.svg/640px-Nomedia-Large_image-FR.svg.png		5186563119	2017-08-03
Medical Wiki FR/Français	http://download.kiwix.org/zim/wikipedia_fr_medicine.zim	fr	This is a complete collection of all health care, anatomy, and medication related topics from Wikipedia in an offline format. 		ALL	https://upload.wikimedia.org/wikipedia/commons/thumb/5/58/Wiki_Project_Med_Foundation_logo.svg/320px-Wiki_Project_Med_Foundation_logo.svg.png	https://upload.wikimedia.org/wikipedia/commons/thumb/4/4e/WikiMedicine-Large_image-EN%404x.png/640px-WikiMedicine-Large_image-EN%404x.png		758066406	2017-08-07
Medical Wiki FR/Français (no video)	http://download.kiwix.org/zim/wikipedia_fr_medicine_novid.zim	fr	This is a complete collection of all health care, anatomy, and medication related topics from Wikipedia in an offline format. 		NOVID	https://upload.wikimedia.org/wikipedia/commons/thumb/5/58/Wiki_Project_Med_Foundation_logo.svg/320px-Wiki_Project_Med_Foundation_logo.svg.png	https://upload.wikimedia.org/wikipedia/commons/thumb/3/35/WikiMedicine-nomedia-Large_image-EN.svg/640px-WikiMedicine-nomedia-Large_image-EN.svg.png		292409222	2017-08-07
Medical Wiki AR/العربية	http://download.kiwix.org/zim/wikipedia_ar_medicine.zim	ar	This is a complete collection of all health care, anatomy, and medication related topics from Wikipedia.		ALL	https://upload.wikimedia.org/wikipedia/commons/thumb/5/58/Wiki_Project_Med_Foundation_logo.svg/320px-Wiki_Project_Med_Foundation_logo.svg.png	https://upload.wikimedia.org/wikipedia/commons/thumb/4/4e/WikiMedicine-Large_image-EN%404x.png/640px-WikiMedicine-Large_image-EN%404x.png		1043986445	2017-08-07
Medical Wiki BN/বাংলা	http://download.kiwix.org/zim/wikipedia_bn_medicine.zim	bn	This is a complete collection of all health care, anatomy, and medication related topics from Wikipedia in an offline format. 		ALL	https://upload.wikimedia.org/wikipedia/commons/thumb/5/58/Wiki_Project_Med_Foundation_logo.svg/320px-Wiki_Project_Med_Foundation_logo.svg.png	https://upload.wikimedia.org/wikipedia/commons/thumb/4/4e/WikiMedicine-Large_image-EN%404x.png/640px-WikiMedicine-Large_image-EN%404x.png		177557471	2017-08-06
Medical Wiki HI/हिन्दी	http://download.kiwix.org/zim/wikipedia_hi_medicine.zim	hi	This is a complete collection of all health care, anatomy, and medication related topics from Wikipedia in an offline format. 		ALL	https://upload.wikimedia.org/wikipedia/commons/thumb/5/58/Wiki_Project_Med_Foundation_logo.svg/320px-Wiki_Project_Med_Foundation_logo.svg.png	https://upload.wikimedia.org/wikipedia/commons/thumb/4/4e/WikiMedicine-Large_image-EN%404x.png/640px-WikiMedicine-Large_image-EN%404x.png		105169701	2017-08-06
Medical Wiki IT/Italiano	http://download.kiwix.org/zim/wikipedia_it_medicine.zim	it	This is a complete collection of all health care, anatomy, and medication related topics from Wikipedia in an offline format. 		ALL	https://upload.wikimedia.org/wikipedia/commons/thumb/5/58/Wiki_Project_Med_Foundation_logo.svg/320px-Wiki_Project_Med_Foundation_logo.svg.png	https://upload.wikimedia.org/wikipedia/commons/thumb/4/4e/WikiMedicine-Large_image-EN%404x.png/640px-WikiMedicine-Large_image-EN%404x.png		501419605	2017-08-07
Medical Wiki MR/मराठी	http://download.kiwix.org/zim/wikipedia_mr_medicine.zim	mr	This is a complete collection of all health care, anatomy, and medication related topics from Wikipedia in an offline format. 		ALL	https://upload.wikimedia.org/wikipedia/commons/thumb/5/58/Wiki_Project_Med_Foundation_logo.svg/320px-Wiki_Project_Med_Foundation_logo.svg.png	https://upload.wikimedia.org/wikipedia/commons/thumb/4/4e/WikiMedicine-Large_image-EN%404x.png/640px-WikiMedicine-Large_image-EN%404x.png		60950381	2017-08-06
Medical Wiki PT/Português	http://download.kiwix.org/zim/wikipedia_pt_medicine.zim	pt	This is a complete collection of all health care, anatomy, and medication related topics from Wikipedia in an offline format. 		ALL	https://upload.wikimedia.org/wikipedia/commons/thumb/5/58/Wiki_Project_Med_Foundation_logo.svg/320px-Wiki_Project_Med_Foundation_logo.svg.png	https://upload.wikimedia.org/wikipedia/commons/thumb/4/4e/WikiMedicine-Large_image-EN%404x.png/640px-WikiMedicine-Large_image-EN%404x.png		591212643	2017-08-07
Medical Wiki TA/தமிழ்	http://download.kiwix.org/zim/wikipedia_ta_medicine.zim	ta	This is a complete collection of all health care, anatomy, and medication related topics from Wikipedia in an offline format. 		ALL	https://upload.wikimedia.org/wikipedia/commons/thumb/5/58/Wiki_Project_Med_Foundation_logo.svg/320px-Wiki_Project_Med_Foundation_logo.svg.png	https://upload.wikimedia.org/wikipedia/commons/thumb/4/4e/WikiMedicine-Large_image-EN%404x.png/640px-WikiMedicine-Large_image-EN%404x.png		91796968	2017-08-06
Medical Wiki ZH/中文	http://download.kiwix.org/zim/wikipedia_zh_medicine.zim	zh	This is a complete collection of all health care, anatomy, and medication related topics from Wikipedia in an offline format. 		ALL	https://upload.wikimedia.org/wikipedia/commons/thumb/5/58/Wiki_Project_Med_Foundation_logo.svg/320px-Wiki_Project_Med_Foundation_logo.svg.png	https://upload.wikimedia.org/wikipedia/commons/thumb/4/4e/WikiMedicine-Large_image-EN%404x.png/640px-WikiMedicine-Large_image-EN%404x.png		644706132	2017-08-07
Medical Wiki OR/ଓଡ଼ିଆ	http://download.kiwix.org/zim/wikipedia_or_medicine.zim	or	This is a complete collection of all health care, anatomy, and medication related topics from Wikipedia in an offline format. 		ALL	https://upload.wikimedia.org/wikipedia/commons/thumb/5/58/Wiki_Project_Med_Foundation_logo.svg/320px-Wiki_Project_Med_Foundation_logo.svg.png	https://upload.wikimedia.org/wikipedia/commons/thumb/4/4e/WikiMedicine-Large_image-EN%404x.png/640px-WikiMedicine-Large_image-EN%404x.png		247019389	2017-08-06
Medical Wiki FA/فارسی	http://download.kiwix.org/zim/wikipedia_fa_medicine.zim	fa	This is a complete collection of all health care, anatomy, and medication related topics from Wikipedia in an offline format. 		ALL	https://upload.wikimedia.org/wikipedia/commons/thumb/5/58/Wiki_Project_Med_Foundation_logo.svg/320px-Wiki_Project_Med_Foundation_logo.svg.png	https://upload.wikimedia.org/wikipedia/commons/thumb/4/4e/WikiMedicine-Large_image-EN%404x.png/640px-WikiMedicine-Large_image-EN%404x.png		252961663	2017-08-06
Medical Wiki AR/العربية (no video)	http://download.kiwix.org/zim/wikipedia_ar_medicine_novid.zim	ar	This is a complete collection of all health care, anatomy, and medication related topics from Wikipedia in an offline format. 		NOVID	https://upload.wikimedia.org/wikipedia/commons/thumb/5/58/Wiki_Project_Med_Foundation_logo.svg/320px-Wiki_Project_Med_Foundation_logo.svg.png	https://upload.wikimedia.org/wikipedia/commons/thumb/3/35/WikiMedicine-nomedia-Large_image-EN.svg/640px-WikiMedicine-nomedia-Large_image-EN.svg.png		314283535	2017-08-07
Medical Wiki BN/বাংলা (no video)	http://download.kiwix.org/zim/wikipedia_bn_medicine_novid.zim	bn	This is a complete collection of all health care, anatomy, and medication related topics from Wikipedia in an offline format. 		NOVID	https://upload.wikimedia.org/wikipedia/commons/thumb/5/58/Wiki_Project_Med_Foundation_logo.svg/320px-Wiki_Project_Med_Foundation_logo.svg.png	https://upload.wikimedia.org/wikipedia/commons/thumb/3/35/WikiMedicine-nomedia-Large_image-EN.svg/640px-WikiMedicine-nomedia-Large_image-EN.svg.png		32746622	2017-08-06
Medical Wiki HI/हिन्दी (no video)	http://download.kiwix.org/zim/wikipedia_hi_medicine_novid.zim	hi	This is a complete collection of all health care, anatomy, and medication related topics from Wikipedia in an offline format. 		NOVID	https://upload.wikimedia.org/wikipedia/commons/thumb/5/58/Wiki_Project_Med_Foundation_logo.svg/320px-Wiki_Project_Med_Foundation_logo.svg.png	https://upload.wikimedia.org/wikipedia/commons/thumb/3/35/WikiMedicine-nomedia-Large_image-EN.svg/640px-WikiMedicine-nomedia-Large_image-EN.svg.png		43586977	2017-08-06
Medical Wiki IT/Italiano (no video)	http://download.kiwix.org/zim/wikipedia_it_medicine_novid.zim	it	This is a complete collection of all health care, anatomy, and medication related topics from Wikipedia in an offline format. 		NOVID	https://upload.wikimedia.org/wikipedia/commons/thumb/5/58/Wiki_Project_Med_Foundation_logo.svg/320px-Wiki_Project_Med_Foundation_logo.svg.png	https://upload.wikimedia.org/wikipedia/commons/thumb/3/35/WikiMedicine-nomedia-Large_image-EN.svg/640px-WikiMedicine-nomedia-Large_image-EN.svg.png		243036619	2017-08-07
Medical Wiki MR/मराठी (no video)	http://download.kiwix.org/zim/wikipedia_mr_medicine_novid.zim	mr	This is a complete collection of all health care, anatomy, and medication related topics from Wikipedia in an offline format. 		NOVID	https://upload.wikimedia.org/wikipedia/commons/thumb/5/58/Wiki_Project_Med_Foundation_logo.svg/320px-Wiki_Project_Med_Foundation_logo.svg.png	https://upload.wikimedia.org/wikipedia/commons/thumb/3/35/WikiMedicine-nomedia-Large_image-EN.svg/640px-WikiMedicine-nomedia-Large_image-EN.svg.png		5915705	2017-08-06
Medical Wiki PT/Português (no video)	http://download.kiwix.org/zim/wikipedia_pt_medicine_novid.zim	pt	This is a complete collection of all health care, anatomy, and medication related topics from Wikipedia in an offline format. 		NOVID	https://upload.wikimedia.org/wikipedia/commons/thumb/5/58/Wiki_Project_Med_Foundation_logo.svg/320px-Wiki_Project_Med_Foundation_logo.svg.png	https://upload.wikimedia.org/wikipedia/commons/thumb/3/35/WikiMedicine-nomedia-Large_image-EN.svg/640px-WikiMedicine-nomedia-Large_image-EN.svg.png		164741875	2017-08-07
Medical Wiki TA/தமிழ் (no video)	http://download.kiwix.org/zim/wikipedia_ta_medicine_novid.zim	ta	This is a complete collection of all health care, anatomy, and medication related topics from Wikipedia in an offline format. 		NOVID	https://upload.wikimedia.org/wikipedia/commons/thumb/5/58/Wiki_Project_Med_Foundation_logo.svg/320px-Wiki_Project_Med_Foundation_logo.svg.png	https://upload.wikimedia.org/wikipedia/commons/thumb/3/35/WikiMedicine-nomedia-Large_image-EN.svg/640px-WikiMedicine-nomedia-Large_image-EN.svg.png		50315890	2017-08-06
Medical Wiki ZH/中文 (no video)	http://download.kiwix.org/zim/wikipedia_zh_medicine_novid.zim	zh	This is a complete collection of all health care, anatomy, and medication related topics from Wikipedia in an offline format. 		NOVID	https://upload.wikimedia.org/wikipedia/commons/thumb/5/58/Wiki_Project_Med_Foundation_logo.svg/320px-Wiki_Project_Med_Foundation_logo.svg.png	https://upload.wikimedia.org/wikipedia/commons/thumb/3/35/WikiMedicine-nomedia-Large_image-EN.svg/640px-WikiMedicine-nomedia-Large_image-EN.svg.png		187069217	2017-08-07
Medical Wiki OR/ଓଡ଼ିଆ (no video)	http://download.kiwix.org/zim/wikipedia_or_medicine_novid.zim	or	This is a complete collection of all health care, anatomy, and medication related topics from Wikipedia in an offline format. 		NOVID	https://upload.wikimedia.org/wikipedia/commons/thumb/5/58/Wiki_Project_Med_Foundation_logo.svg/320px-Wiki_Project_Med_Foundation_logo.svg.png	https://upload.wikimedia.org/wikipedia/commons/thumb/3/35/WikiMedicine-nomedia-Large_image-EN.svg/640px-WikiMedicine-nomedia-Large_image-EN.svg.png		20570495	2017-08-06
Medical Wiki FA/فارسی (no video)	http://download.kiwix.org/zim/wikipedia_fa_medicine_novid.zim	fa	This is a complete collection of all health care, anatomy, and medication related topics from Wikipedia. 		NOVID	https://upload.wikimedia.org/wikipedia/commons/thumb/5/58/Wiki_Project_Med_Foundation_logo.svg/320px-Wiki_Project_Med_Foundation_logo.svg.png	https://upload.wikimedia.org/wikipedia/commons/thumb/3/35/WikiMedicine-nomedia-Large_image-EN.svg/640px-WikiMedicine-nomedia-Large_image-EN.svg.png		175186102	2017-08-06
Wikipedia AR/العربية	http://download.kiwix.org/zim/wikipedia_ar_all_novid.zim	ar	Download the entire Arabic Wikipedia for exploring offline.		NOVID	https://upload.wikimedia.org/wikipedia/commons/thumb/b/bb/Wikipedia-logo-v2-ar.svg/320px-Wikipedia-logo-v2-ar.svg.png	https://upload.wikimedia.org/wikipedia/commons/thumb/b/bb/Wikipedia-logo-v2-ar.svg/640px-Wikipedia-logo-v2-ar.svg.png		6581534394	2017-07-13
Wikipedia BN/বাংলা	http://download.kiwix.org/zim/wikipedia_bn_all_novid.zim	bn	Download the entire Bangla Wikipedia for exploring offline.		NOVID	https://upload.wikimedia.org/wikipedia/commons/thumb/e/e5/Wikipedia-logo-v2-bn.svg/320px-Wikipedia-logo-v2-bn.svg.png	https://upload.wikimedia.org/wikipedia/commons/thumb/e/e5/Wikipedia-logo-v2-bn.svg/640px-Wikipedia-logo-v2-bn.svg.png		754188994	2017-08-01
Wikipedia HI/हिन्दी	http://download.kiwix.org/zim/wikipedia_hi_all_novid.zim	hi	Download the entire Wikipedia for exploring offline.		NOVID	https://upload.wikimedia.org/wikipedia/commons/thumb/b/b6/Wikipedia-logo-v2-hi.svg/320px-Wikipedia-logo-v2-hi.svg.png	https://upload.wikimedia.org/wikipedia/commons/thumb/b/b6/Wikipedia-logo-v2-hi.svg/640px-Wikipedia-logo-v2-hi.svg.png		927422737	2017-08-05
Wikipedia ID/Bahasa Indonesia	http://download.kiwix.org/zim/wikipedia_id_all.zim	id	Download the entire Bahasa Indonesian Wikipedia for exploring offline.		NOVID	https://upload.wikimedia.org/wikipedia/commons/thumb/5/57/Wikipedia-logo-v2-id.svg/320px-Wikipedia-logo-v2-id.svg.png	https://upload.wikimedia.org/wikipedia/commons/thumb/5/57/Wikipedia-logo-v2-id.svg/640px-Wikipedia-logo-v2-id.svg.png		3136797405	2017-01-05
Wikipedia IG/Igbo	http://download.kiwix.org/zim/wikipedia_ig_all_novid.zim	ig	Download the entire Igbo Wikipedia for exploring offline.		NOVID	https://upload.wikimedia.org/wikipedia/commons/thumb/9/9e/Wikipedia-logo-v2-ig.svg/320px-Wikipedia-logo-v2-ig.svg.png	https://upload.wikimedia.org/wikipedia/commons/thumb/9/9e/Wikipedia-logo-v2-ig.svg/640px-Wikipedia-logo-v2-ig.svg.png		11858465	2017-08-07
Wikipedia IT/Italiano	http://download.kiwix.org/zim/wikipedia_it_all.zim	it	Download the entire Italian Wikipedia for exploring offline.		NOVID	https://upload.wikimedia.org/wikipedia/commons/thumb/9/90/Wikipedia-logo-v2-it.svg/320px-Wikipedia-logo-v2-it.svg.png	https://upload.wikimedia.org/wikipedia/commons/thumb/9/90/Wikipedia-logo-v2-it.svg/640px-Wikipedia-logo-v2-it.svg.png		14722946785	2017-01-20
Wikipedia MR/मराठी	http://download.kiwix.org/zim/wikipedia_mr_all_novid.zim	mr	Download the entire Marathi Wikipedia for exploring offline.		NOVID	https://upload.wikimedia.org/wikipedia/commons/thumb/0/0e/Wikipedia-logo-v2-mr.svg/320px-Wikipedia-logo-v2-mr.svg.png	https://upload.wikimedia.org/wikipedia/commons/thumb/0/0e/Wikipedia-logo-v2-mr.svg/640px-Wikipedia-logo-v2-mr.svg.png		357894586	2017-08-15
Wikipedia MY/မြန်မာဘာသာ	http://download.kiwix.org/zim/wikipedia_my_all_novid.zim	my	Download the entire Burmese Wikipedia for exploring offline.		NOVID	https://upload.wikimedia.org/wikipedia/commons/thumb/9/97/Wikipedia-logo-v2-my.svg/320px-Wikipedia-logo-v2-my.svg.png	https://upload.wikimedia.org/wikipedia/commons/thumb/9/97/Wikipedia-logo-v2-my.svg/640px-Wikipedia-logo-v2-my.svg.png		204840881	2017-08-15
Wikipedia PT/Português	http://download.kiwix.org/zim/wikipedia_pt_all_novid.zim	pt	Download the entire Portuguese Wikipedia for exploring offline.		NOVID	https://upload.wikimedia.org/wikipedia/commons/thumb/7/7f/Wikipedia-logo-v2-pt.svg/320px-Wikipedia-logo-v2-pt.svg.png	https://upload.wikimedia.org/wikipedia/commons/thumb/7/7f/Wikipedia-logo-v2-pt.svg/640px-Wikipedia-logo-v2-pt.svg.png		9594313590	2017-06-27
Wikipedia RU/русский	http://download.kiwix.org/zim/wikipedia_ru_all.zim	ru	Download the entire Russian Wikipedia for exploring offline.		NOVID	https://upload.wikimedia.org/wikipedia/commons/thumb/7/77/Wikipedia-logo-v2-ru.svg/320px-Wikipedia-logo-v2-ru.svg.png	https://upload.wikimedia.org/wikipedia/commons/thumb/7/77/Wikipedia-logo-v2-ru.svg/640px-Wikipedia-logo-v2-ru.svg.png		18979499502	2017-01-16
Wikipedia TA/தமிழ்	http://download.kiwix.org/zim/wikipedia_ta_all_novid.zim	ta	Download the entire Tamil Wikipedia for exploring offline.		NOVID	https://upload.wikimedia.org/wikipedia/commons/thumb/8/80/Wikipedia-logo-v2-ta.svg/320px-Wikipedia-logo-v2-ta.svg.png	https://upload.wikimedia.org/wikipedia/commons/thumb/8/80/Wikipedia-logo-v2-ta.svg/640px-Wikipedia-logo-v2-ta.svg.png		1081258789	2017-08-21
Wikipedia TL/Tagalog	http://download.kiwix.org/zim/wikipedia_tl_all_novid.zim	tl	Download the entire Tagalog Wikipedia for exploring offline.		NOVID	https://upload.wikimedia.org/wikipedia/commons/thumb/0/0f/Wikipedia-logo-v2-tl.svg/320px-Wikipedia-logo-v2-tl.svg.png	https://upload.wikimedia.org/wikipedia/commons/thumb/0/0f/Wikipedia-logo-v2-tl.svg/640px-Wikipedia-logo-v2-tl.svg.png		368406532	2017-08-24
Wikipedia TR/Türkçe	http://download.kiwix.org/zim/wikipedia_tr_all_novid.zim	tr	Download the entire Turkish Wikipedia for exploring offline.		NOVID	https://upload.wikimedia.org/wikipedia/commons/thumb/8/83/Wikipedia-logo-v2-tr.svg/320px-Wikipedia-logo-v2-tr.svg.png	https://upload.wikimedia.org/wikipedia/commons/thumb/8/83/Wikipedia-logo-v2-tr.svg/640px-Wikipedia-logo-v2-tr.svg.png		3266316799	2017-08-13
Wikipedia YO/Yorùbá	http://download.kiwix.org/zim/wikipedia_yo_all.zim	yo	Download the entire Yoruba Wikipedia for exploring offline.		NOVID	https://upload.wikimedia.org/wikipedia/commons/thumb/b/b0/Wikipedia-logo-v2-yo.svg/320px-Wikipedia-logo-v2-yo.svg.png	https://upload.wikimedia.org/wikipedia/commons/thumb/b/b0/Wikipedia-logo-v2-yo.svg/640px-Wikipedia-logo-v2-yo.svg.png		88041735	2017-08-26
Wikipedia ZH/中文	http://download.kiwix.org/zim/wikipedia_zh_all.zim	zh	Download the entire Chinese Wikipedia for exploring offline.		NOVID	https://upload.wikimedia.org/wikipedia/commons/thumb/a/a0/Wikipedia-logo-v2-zh.svg/320px-Wikipedia-logo-v2-zh.svg.png	https://upload.wikimedia.org/wikipedia/commons/thumb/a/a0/Wikipedia-logo-v2-zh.svg/640px-Wikipedia-logo-v2-zh.svg.png		9845409526	2017-01-27
Wikipedia OR/ଓଡ଼ିଆ	http://download.kiwix.org/zim/wikipedia_or_all_novid.zim	or	Download the entire Odia Wikipedia for exploring offline.		NOVID	https://upload.wikimedia.org/wikipedia/commons/thumb/9/98/Wikipedia-logo-v2-or.svg/320px-Wikipedia-logo-v2-or.svg.png	https://upload.wikimedia.org/wikipedia/commons/thumb/9/98/Wikipedia-logo-v2-or.svg/640px-Wikipedia-logo-v2-or.svg.png		132351124	2017-08-18
Wikipedia FA/فارسی	http://download.kiwix.org/zim/wikipedia_fa_all.zim	fa	Download the entire Persian Wikipedia for exploring offline.		NOVID	https://upload.wikimedia.org/wikipedia/commons/thumb/f/fb/Wikipedia-logo-v2-fa.svg/320px-Wikipedia-logo-v2-fa.svg.png	https://upload.wikimedia.org/wikipedia/commons/thumb/f/fb/Wikipedia-logo-v2-fa.svg/640px-Wikipedia-logo-v2-fa.svg.png		5378045483	2017-05-04
Wikipedia AR/العربية (no pictures)	http://download.kiwix.org/zim/wikipedia_ar_all_nopic.zim	ar	Save storage space with this text-only version of the entire Arabic Wikipedia for exploring offline.		NOPIC	https://upload.wikimedia.org/wikipedia/commons/thumb/8/83/Nomedia-Thumb-AR.svg/320px-Nomedia-Thumb-AR.svg.png	https://upload.wikimedia.org/wikipedia/commons/thumb/f/f1/Nomedia-Large_image-AR.svg/640px-Nomedia-Large_image-AR.svg.png		1849978806	2017-07-16
Wikipedia BN/বাংলা (no pictures)	http://download.kiwix.org/zim/wikipedia_bn_all_nopic.zim	bn	Save storage space with this text-only version of the entire Bangla Wikipedia for exploring offline.		NOPIC	https://upload.wikimedia.org/wikipedia/commons/thumb/b/b8/Nomedia-Thumb-BN.svg/320px-Nomedia-Thumb-BN.svg.png	https://upload.wikimedia.org/wikipedia/commons/thumb/a/ae/Nomedia-Large_image-BN.svg/640px-Nomedia-Large_image-BN.svg.png		168480336	2017-08-01
Wikipedia HI/हिन्दी (no pictures)	http://download.kiwix.org/zim/wikipedia_hi_all_nopic.zim	hi	Save storage space with this text-only version of the entire Wikipedia for exploring offline.		NOPIC	https://upload.wikimedia.org/wikipedia/commons/thumb/4/43/Nomedia-Thumb-HI.svg/320px-Nomedia-Thumb-HI.svg.png	https://upload.wikimedia.org/wikipedia/commons/thumb/f/f6/Nomedia-Large_image-HI.svg/640px-Nomedia-Large_image-HI.svg.png		240182202	2017-08-05
Wikipedia ID/Bahasa Indonesia (no pictures)	http://download.kiwix.org/zim/wikipedia_id_all_nopic.zim	id	Save storage space with this text-only version of the entire Bahasa Indonesian Wikipedia for exploring offline.		NOPIC	https://upload.wikimedia.org/wikipedia/commons/thumb/3/39/Nomedia-Thumb-EN.svg/320px-Nomedia-Thumb-EN.svg.png	https://upload.wikimedia.org/wikipedia/commons/thumb/f/f5/Nomedia-Large_image-EN.svg/640px-Nomedia-Large_image-EN.svg.png		786367466	2017-01-06
Wikipedia IG/Igbo (no pictures)	http://download.kiwix.org/zim/wikipedia_ig_all_nopic.zim	ig	Save storage space with this text-only version of the entire Igbo Wikipedia for exploring offline.		NOPIC	https://upload.wikimedia.org/wikipedia/commons/thumb/3/39/Nomedia-Thumb-EN.svg/320px-Nomedia-Thumb-EN.svg.png	https://upload.wikimedia.org/wikipedia/commons/thumb/f/f5/Nomedia-Large_image-EN.svg/640px-Nomedia-Large_image-EN.svg.png		746082	2017-08-07
Wikipedia IT/Italiano (no pictures)	http://download.kiwix.org/zim/wikipedia_it_all_nopic.zim	it	Save storage space with this text-only version of the entire Italian Wikipedia for exploring offline.		NOPIC	https://upload.wikimedia.org/wikipedia/commons/thumb/3/39/Nomedia-Thumb-EN.svg/320px-Nomedia-Thumb-EN.svg.png	https://upload.wikimedia.org/wikipedia/commons/thumb/f/f5/Nomedia-Large_image-EN.svg/640px-Nomedia-Large_image-EN.svg.png		3003432499	2017-01-24
Wikipedia MR/मराठी (no pictures)	http://download.kiwix.org/zim/wikipedia_mr_all_nopic.zim	mr	Save storage space with this text-only version of the entire Marathi Wikipedia for exploring offline.		NOPIC	https://upload.wikimedia.org/wikipedia/commons/thumb/3/39/Nomedia-Thumb-EN.svg/320px-Nomedia-Thumb-EN.svg.png	https://upload.wikimedia.org/wikipedia/commons/thumb/f/f5/Nomedia-Large_image-EN.svg/640px-Nomedia-Large_image-EN.svg.png		69213182	2017-08-15
Wikipedia MY/မြန်မာဘာသာ (no pictures)	http://download.kiwix.org/zim/wikipedia_my_all_nopic.zim	my	Save storage space with this text-only version of the entire Burmese Wikipedia for exploring offline.		NOPIC	https://upload.wikimedia.org/wikipedia/commons/thumb/2/26/Nomedia-Thumb-MY.svg/320px-Nomedia-Thumb-MY.svg.png	https://upload.wikimedia.org/wikipedia/commons/thumb/3/37/Nomedia-Large_image-MY.svg/640px-Nomedia-Large_image-MY.svg.png		44003832	2017-08-15
Wikipedia PT/Português (no pictures)	http://download.kiwix.org/zim/wikipedia_pt_all_nopic.zim	pt	Save storage space with this text-only version of the entire Portuguese Wikipedia for exploring offline.		NOPIC	https://upload.wikimedia.org/wikipedia/commons/thumb/3/39/Nomedia-Thumb-EN.svg/320px-Nomedia-Thumb-EN.svg.png	https://upload.wikimedia.org/wikipedia/commons/thumb/f/f5/Nomedia-Large_image-EN.svg/640px-Nomedia-Large_image-EN.svg.png		2023740572	2017-06-30
Wikipedia RU/русский (no pictures)	http://download.kiwix.org/zim/wikipedia_ru_all_nopic.zim	ru	Save storage space with this text-only version of the entire Russian Wikipedia for exploring offline.		NOPIC	https://upload.wikimedia.org/wikipedia/commons/thumb/8/80/Nomedia-Thumb-RU.svg/320px-Nomedia-Thumb-RU.svg.png	https://upload.wikimedia.org/wikipedia/commons/thumb/b/b5/Nomedia-Large_image-RU.svg/640px-Nomedia-Large_image-RU.svg.png		5257209573	2017-01-21
Wikipedia TA/தமிழ் (no pictures)	http://download.kiwix.org/zim/wikipedia_ta_all_nopic.zim	ta	Save storage space with this text-only version of the entire Tamil Wikipedia for exploring offline.		NOPIC	https://upload.wikimedia.org/wikipedia/commons/thumb/b/b4/Nomedia-Thumb-TA.svg/320px-Nomedia-Thumb-TA.svg.png	https://upload.wikimedia.org/wikipedia/commons/thumb/2/25/Nomedia-Large_image-TA.svg/640px-Nomedia-Large_image-TA.svg.png		263547159	2017-08-22
Wikipedia TL/Tagalog (no pictures)	http://download.kiwix.org/zim/wikipedia_tl_all_nopic.zim	tl	Save storage space with this text-only version of the entire Tagalog Wikipedia for exploring offline.		NOPIC	https://upload.wikimedia.org/wikipedia/commons/thumb/3/39/Nomedia-Thumb-EN.svg/320px-Nomedia-Thumb-EN.svg.png	https://upload.wikimedia.org/wikipedia/commons/thumb/f/f5/Nomedia-Large_image-EN.svg/640px-Nomedia-Large_image-EN.svg.png		66370271	2017-08-24
Wikipedia TR/Türkçe (no pictures)	http://download.kiwix.org/zim/wikipedia_tr_all_nopic.zim	tr	Save storage space with this text-only version of the entire Turkish Wikipedia for exploring offline.		NOPIC	https://upload.wikimedia.org/wikipedia/commons/thumb/e/e0/Nomedia-Thumb-TR.svg/320px-Nomedia-Thumb-TR.svg.png	https://upload.wikimedia.org/wikipedia/commons/thumb/b/bf/Nomedia-Large_image-TR.svg/640px-Nomedia-Large_image-TR.svg.png		741516920	2017-08-14
Wikipedia YO/Yorùbá (no pictures)	http://download.kiwix.org/zim/wikipedia_yo_all_nopic.zim	yo	Save storage space with this text-only version of the entire Yoruba Wikipedia for exploring offline.		NOPIC	https://upload.wikimedia.org/wikipedia/commons/thumb/3/39/Nomedia-Thumb-EN.svg/320px-Nomedia-Thumb-EN.svg.png	https://upload.wikimedia.org/wikipedia/commons/thumb/f/f5/Nomedia-Large_image-EN.svg/640px-Nomedia-Large_image-EN.svg.png		14427999	2017-08-26
Wikipedia ZH/中文 (no pictures)	http://download.kiwix.org/zim/wikipedia_zh_all_nopic.zim	zh	Save storage space with this text-only version of the entire Chinese Wikipedia for exploring offline.		NOPIC	https://upload.wikimedia.org/wikipedia/commons/thumb/d/d8/Nomedia-Thumb-ZH.svg/320px-Nomedia-Thumb-ZH.svg.png	https://upload.wikimedia.org/wikipedia/commons/thumb/f/f2/Nomedia-Large_image-ZH.svg/640px-Nomedia-Large_image-ZH.svg.png		3483076352	2017-01-30
Wikipedia OR/ଓଡ଼ିଆ (no pictures)	http://download.kiwix.org/zim/wikipedia_or_all_nopic.zim	or	Save storage space with this text-only version of the entire Odia Wikipedia for exploring offline.		NOPIC	https://upload.wikimedia.org/wikipedia/commons/thumb/f/f1/Nomedia-Thumb-OR.svg/320px-Nomedia-Thumb-OR.svg.png	https://upload.wikimedia.org/wikipedia/commons/thumb/e/ec/Nomedia-Large_image-OR.svg/640px-Nomedia-Large_image-OR.svg.png		21483082	2017-08-18
Wikipedia FA/فارسی (no pictures)	http://download.kiwix.org/zim/wikipedia_fa_all_nopic.zim	fa	Save storage space with this text-only version of the entire Persian Wikipedia for exploring offline.		NOPIC	https://upload.wikimedia.org/wikipedia/commons/thumb/e/e9/Nomedia-Thumb-FA.svg/320px-Nomedia-Thumb-FA.svg.png	https://upload.wikimedia.org/wikipedia/commons/thumb/8/86/Nomedia-Large_image-FA.svg/640px-Nomedia-Large_image-FA.svg.png		1477394793	2017-05-06
